[
    {
        "PagesJaunes":{
            "Error": "Message",
            "text": "Oups… nous n’avons pas encore de réponse à cette recherche !",
            "name": "PagesJaunes",
            "main": "pagesjaunes.fr",
            "url": "https://www.pagesjaunes.fr/annuaireinverse/recherche?quoiqui={}",
            "url2": "https://www.pagesjaunes.fr/annuaireinverse/recherche?quoiqui={}",
            "Scrapable": "False",
            "Tag": "French"
        },
        
        "FreeLookup":{
            "Error": "Status-Code",
            "name": "FreeLookup",
            "main": "free-lookup.net",
            "url": "https://free-lookup.net/{}",
            "url2": "https://free-lookup.net/{}",
            "Scrapable": "False",
            "Tag": "Generic"
        },
        
        "WhoseNumber":{
            "Error": "Message",
            "text": "No comments for this phone number",
            "name": "WhoseNumber",
            "main": "whosenumber.info",
            "url": "https://whosenumber.info/{}",
            "url2": "https://whosenumber.info/{}",
            "Scrapable": "False",
            "Tag": "Generic"
        }

    }
]
