[
    {
        "PagineBianche":{
            "Error": "Message",
            "text": "Spiacenti. Nessun risultato trovato per ",
            "name": "PagineBianche",
            "main": "PagineBianche.it",
            "url": "https://www.paginebianche.it/cerca-da-numero?qs={}",
            "url2": "https://www.paginebianche.it/cerca-da-numero?qs={}",
            "Scrapable": "False",
            "Tag": "Italy"
        },

        "PaginGialle":{
            "Error": "Message",
            "text": "Spiacenti, non siamo riusciti a trovare",
            "name": "PagineGialle",
            "main": "PagineGialle.it",
            "url": "https://www.paginegialle.it/ricerca/telefono-{}",
            "url2": "https://www.paginegialle.it/ricerca/telefono-{}",
            "Scrapable": "False",
            "Tag": "Italy"
        },

        "FreeLookup":{
            "Error": "Status-Code",
            "name": "FreeLookup",
            "main": "free-lookup.net",
            "url": "https://free-lookup.net/{}",
            "url2": "https://free-lookup.net/{}",
            "Scrapable": "False",
            "Tag": "Generic"
        },

        "WhoseNumber":{
            "Error": "Message",
            "text": "No comments for this phone number",
            "name": "WhoseNumber",
            "main": "whosenumber.info",
            "url": "https://whosenumber.info/{}",
            "url2": "https://whosenumber.info/{}",
            "Scrapable": "False",
            "Tag": "Generic"
        }
    }
] 
